"osm_id"	"name"	"addr.city"	"addr.country"	"addr.housename"	"addr.housenumber"	"addr.postcode"	"addr.street"	"addr.suburb"	"brand"	"brand.wikidata"	"brand.wikipedia"	"building"	"building.colour"	"building.height"	"building.levels"	"building.part"	"contact.email"	"contact.mobile"	"contact.phone"	"contact.website"	"email"	"fax"	"height"	"internet_access"	"note"	"old_name"	"opening_hours"	"operator"	"organic"	"payment.cash"	"payment.coins"	"payment.contactless"	"payment.credit_cards"	"payment.debit_cards"	"payment.girocard"	"payment.mastercard"	"payment.notes"	"payment.visa"	"phone"	"ref"	"roof.colour"	"roof.levels"	"roof.shape"	"shop"	"source"	"source.date"	"toilets.wheelchair"	"website"	"wheelchair"	"geometry"
"27597473"	"Edeka Schmoll"	NA	NA	NA	"15"	NA	"Witzenhäuser Straße"	NA	NA	NA	NA	"yes"	NA	NA	NA	NA	NA	NA	NA	NA	NA	"+49 561 529295"	NA	NA	NA	NA	"Mo-Sa 07:00-20:00"	NA	NA	NA	NA	NA	NA	NA	NA	NA	NA	NA	"+49 561 527755"	NA	NA	NA	NA	"supermarket"	NA	NA	NA	NA	"limited"	list(c(9.5780375, 9.5781562, 9.5780909, 9.5781087, 9.5773818, 9.5773523, 9.5772207, 9.5771847, 9.5770841, 9.5770751, 9.5780375, 51.3088444, 51.3086293, 51.3086157, 51.3085787, 51.3084289, 51.3084788, 51.3084517, 51.3085295, 51.3085283, 51.3086584, 51.3088444))
"27989964"	"Fuldabrücker Landbrauerei"	"Fuldabrück"	NA	NA	"2a"	"34277"	"Rundstraße"	"Dörnhagen"	NA	NA	NA	"yes"	NA	NA	NA	NA	NA	NA	NA	NA	"info@fuldabruecker-landbrauerei.de"	"+49 5665 922243"	NA	NA	NA	NA	NA	"Daniel Hess"	NA	NA	NA	NA	NA	NA	NA	NA	NA	NA	"+49 5665 30088"	NA	NA	NA	NA	"supermarket"	"http://www.fuldabruecker-landbrauerei.de/"	"2015-12-14"	"no"	"http://www.fuldabruecker-landbrauerei.de/"	"no"	list(c(9.5012913, 9.5012874, 9.5015349, 9.5015388, 9.5012913, 51.2281779, 51.2279161, 51.2279147, 51.2281765, 51.2281779))
"38072293"	"Tegut"	"Kassel"	"DE"	NA	"11"	"34131"	"Ludwig-Erhard-Straße"	NA	"Tegut"	"Q1547993"	"en:Tegut"	"retail"	NA	NA	NA	NA	NA	NA	NA	NA	NA	NA	NA	NA	NA	NA	"Mo-Sa 07:00-22:00"	NA	NA	NA	NA	NA	NA	NA	NA	NA	NA	NA	NA	NA	NA	NA	NA	"supermarket"	NA	NA	NA	"https://www.tegut.com/"	"yes"	list(c(9.4437788, 9.4438318, 9.4438365, 9.4437832, 9.4436938, 9.4435513, 9.4434066, 9.4433396, 9.4433075, 9.4432203, 9.4431807, 9.4431568, 9.4431238, 9.4430971, 9.4431306, 9.4431194, 9.4431011, 9.4430319, 9.4430152, 9.4430897, 9.4431239, 9.4431821, 9.4432527, 9.4433703, 9.4435252, 9.4436574, 9.4437788, 51.3054524, 51.3053685, 51.3052786, 51.3051966, 51.3051175, 51.3050902, 51.3050868, 51.3051053, 51.3050829, 51.3050972, 51.3051189, 51.305132, 51.3051673, 51.3052051, 51.3052135, 51.3052666, 51.3053363, 
51.3053354, 51.3053641, 51.3054717, 51.3055051, 51.3054632, 51.3055089, 51.3055458, 51.3055481, 51.3055184, 51.3054524))
"38186141"	"Rewe"	"Kassel"	"DE"	NA	"84-86"	"34123"	"Heiligenröder Straße"	NA	"Rewe"	"Q16968817"	"en:REWE"	"yes"	NA	NA	NA	NA	NA	NA	NA	NA	NA	NA	NA	NA	NA	NA	"Mo-Sa 07:00-22:00"	"Tietz"	NA	NA	NA	NA	NA	NA	NA	NA	NA	NA	NA	NA	NA	NA	NA	"supermarket"	NA	NA	"no"	NA	"yes"	list(c(9.543569, 9.5437419, 9.5438541, 9.5438666, 9.5439219, 9.5443138, 9.5439869, 9.543569, 51.3056569, 51.3060225, 51.3062426, 51.3062406, 51.306349, 51.3062778, 51.30558, 51.3056569))
"86504265"	"Lidl"	"Kassel"	"DE"	NA	"201"	"34127"	"Wolfhager Straße"	NA	"Lidl"	"Q151954"	"en:Lidl"	"retail"	NA	NA	NA	NA	NA	NA	NA	NA	NA	NA	NA	NA	NA	NA	"Mo-Sa 08:00-21:00"	"Lidl"	NA	NA	NA	NA	NA	NA	NA	NA	NA	NA	NA	NA	NA	NA	NA	"supermarket"	NA	NA	NA	NA	"yes"	list(c(9.4687625, 9.4687572, 9.4687244, 9.468799, 9.4687958, 9.4690633, 9.469059, 9.4691571, 9.4692027, 9.4687625, 51.3243888, 51.3243345, 51.3239969, 51.323994, 51.3239606, 51.3239504, 51.3239065, 51.3239028, 51.3243721, 51.3243888))
"87315536"	"HIT"	"Hann. Münden"	"DE"	NA	"9"	"34346"	"Auefeld"	NA	"HIT"	"Q1548713"	"de:HIT Handelsgruppe"	"retail"	NA	NA	NA	NA	NA	NA	NA	NA	NA	NA	NA	NA	NA	NA	"Mo-Sa 07:00-21:00"	NA	NA	NA	NA	"yes"	NA	NA	"yes"	"yes"	NA	"yes"	"+49 5541 91200"	NA	NA	NA	NA	"supermarket"	"https://www.hit.de/hannm%C3%BCnden"	NA	NA	"https://www.hit.de/hannm%C3%BCnden"	"yes"	list(c(9.6450466, 9.6450542, 9.6449576, 9.6446894, 9.6446143, 9.6446143, 9.644507, 9.6444963, 9.6444072, 9.6444116, 9.6444126, 9.6444273, 9.6444309, 9.6448447, 9.6449479, 9.6450466, 51.4318952, 51.431218, 51.4311578, 51.4311645, 51.4312247, 51.4313719, 51.4313785, 51.4315591, 51.4315598, 51.4317291, 51.4317676, 51.4319775, 51.432028, 51.432048, 51.4318954, 51.4318952))
"88021526"	"Real"	"Kassel"	"DE"	NA	"40-42"	"34125"	"Franzgraben"	NA	"Real"	"Q698473"	"en:Real (hypermarket)"	"yes"	NA	NA	NA	NA	NA	NA	NA	NA	NA	NA	NA	"wlan"	NA	NA	"Mo-Sa 07:00-22:00"	"Real"	NA	NA	NA	NA	NA	NA	NA	NA	NA	NA	NA	NA	NA	NA	NA	"supermarket"	"Bing"	NA	NA	"https://www.real.de/"	"yes"	list(c(9.5183228, 9.5186521, 9.5185516, 9.519238, 9.5181139, 9.5178745, 9.5174095, 9.5171, 9.5183228, 51.3217455, 51.3215383, 51.321476, 51.321044, 51.3203463, 51.3204936, 51.3207795, 51.3209699, 51.3217455))
"88432937"	"Edeka Neukauf Führus"	"Kassel"	"DE"	NA	"64"	"34130"	"Harleshäuser Straße"	NA	NA	NA	NA	"yes"	NA	NA	NA	NA	NA	NA	NA	NA	NA	NA	NA	NA	NA	NA	"Mo-Sa 08:00-20:00"	NA	NA	NA	NA	NA	NA	NA	NA	NA	NA	NA	NA	NA	NA	NA	NA	"supermarket"	NA	NA	NA	NA	"yes"	list(c(9.4442028, 9.4442375, 9.4443166, 9.4443245, 9.4443823, 9.4443928, 9.4447042, 9.4446936, 9.444815, 9.4448072, 9.4448671, 9.4448422, 9.4449612, 9.4449494, 9.4447722, 9.4447668, 9.4446267, 9.4446321, 9.4442028, 51.326614, 51.3263821, 51.3263867, 51.3263343, 51.3263377, 51.3262672, 51.3262854, 51.3263559, 51.326363, 51.3264154, 51.3264189, 51.326585, 51.326592, 51.3266596, 51.3266473, 51.3266835, 51.3266753, 51.3266391, 51.326614))
"88545344"	"Rewe"	"Kaufungen"	"DE"	NA	"2"	"34260"	"Hessenring"	NA	"Rewe"	"Q16968817"	"en:REWE"	"retail"	NA	NA	NA	NA	NA	NA	NA	NA	NA	NA	NA	NA	NA	NA	"Mo-Sa 07:00-22:00"	"REWE Kathrin Balcke oHG"	NA	NA	NA	NA	NA	NA	NA	NA	NA	NA	"+49 5605 92470"	NA	NA	NA	NA	"supermarket"	NA	NA	NA	NA	"yes"	list(c(9.6176872, 9.6176318, 9.6176115, 9.6175573, 9.6175338, 9.618004, 9.6180518, 9.6180155, 9.6180493, 9.6180109, 9.618044, 9.6180034, 9.6180374, 9.6177409, 9.617707, 9.6177311, 9.6176953, 9.6177224, 9.6176872, 51.2810406, 51.2810339, 51.2811004, 51.2810939, 51.2811707, 51.2812269, 51.2810702, 51.2810659, 51.2809551, 51.2809505, 51.2808422, 51.2808374, 51.2807262, 51.2806907, 51.2808019, 51.2808048, 51.280922, 51.2809252, 51.2810406))
"89023094"	"Rewe"	"Staufenberg"	"DE"	NA	"45"	"34355"	"Hannoversche Straße"	"Landwehrhagen"	"Rewe"	"Q16968817"	"en:REWE"	"yes"	NA	NA	NA	NA	NA	NA	NA	NA	NA	NA	NA	NA	NA	NA	NA	"Rewe Group"	NA	NA	NA	NA	NA	NA	NA	NA	NA	NA	NA	NA	NA	NA	NA	"supermarket"	NA	NA	NA	NA	NA	list(c(9.5926117, 9.5930117, 9.5926725, 9.5922725, 9.5926117, 51.3570867, 51.3569966, 51.3564092, 51.3564993, 51.3570867))
"108250347"	"Rewe"	"Fuldatal"	"DE"	NA	"2"	"34233"	"Reinhardswaldstraße"	"Rothwesten"	"Rewe"	"Q16968817"	"en:REWE"	"yes"	NA	NA	NA	NA	NA	NA	NA	NA	NA	NA	NA	NA	NA	NA	NA	"REWE"	NA	NA	NA	NA	NA	NA	NA	NA	NA	NA	"+49 5607 93430"	NA	NA	NA	NA	"supermarket"	"http://www.rewe.de/"	"2015-12-15"	NA	"http://www.rewe.de/"	"yes"	list(c(9.5233382, 9.523301, 9.5234094, 9.523404, 9.5239342, 9.5239769, 9.5233382, 51.3869847, 51.3867301, 51.3867239, 51.3866867, 51.3866565, 51.3869483, 51.3869847))
"121757786"	"Edeka"	"Schauenburg"	"DE"	NA	"8"	"34270"	"Großenritter Straße"	"Elgershausen"	"Edeka"	"Q701755"	"de:Edeka"	"yes"	NA	NA	NA	NA	"neukauf-schaefer@t-online.de"	NA	"+49 5601 1723"	"https://www.edeka.de/eh/hessenring/eh-sch%C3%A4fer-ohg-gro%C3%9Fenritter-stra%C3%9Fe-8/index.jsp"	NA	NA	NA	NA	NA	NA	"Mo-Fr 08:00-20:00; Sa 07:00-19:00"	"EH-Schäfer oHG"	NA	NA	NA	NA	NA	NA	NA	NA	NA	NA	"+49 5601 1723"	NA	NA	NA	NA	"supermarket"	"http://edeka.de/"	"2018-01-30"	NA	"https://www.edeka.de/"	"yes"	list(c(9.376856, 9.376913, 9.3769145, 9.3776363, 9.3775979, 9.3768766, 9.376908, 9.3768504, 9.376856, 51.2716713, 51.2716692, 51.2716853, 51.271659, 51.2712903, 51.2713165, 51.2716097, 51.2716118, 51.2716713))
"125501697"	"Edeka"	"Baunatal"	"DE"	"E neukauf Hadwiger"	"1"	"34225"	"Rostocker Straße"	"Großenritte"	"Edeka"	"Q701755"	"en:Edeka"	"yes"	NA	NA	NA	NA	NA	NA	NA	NA	NA	"+49 5601 965271"	NA	NA	NA	NA	"Mo-Sa 08:00-19:00"	"Matthias Hadwiger"	NA	NA	NA	NA	NA	NA	NA	NA	NA	NA	"+49 5601 965270"	NA	NA	NA	NA	"supermarket"	"http://www.edeka.de/"	"2015-12-22"	NA	"http://www.edeka.de/"	"yes"	list(c(9.3935095, 9.3930571, 9.3930311, 9.3926363, 9.3928196, 9.3936668, 9.3935095, 51.2556427, 51.255787, 51.2557551, 51.255881, 51.2561062, 51.2558359, 51.2556427))
"126623823"	"Lidl"	"Kassel"	NA	NA	"77"	"34132"	"Brückenhofstraße"	NA	"Lidl"	"Q151954"	"en:Lidl"	"commercial"	NA	NA	"1"	NA	NA	NA	NA	NA	NA	NA	NA	NA	NA	NA	"Mo-Sa 07:00-21:00"	NA	NA	NA	NA	NA	NA	NA	NA	NA	NA	NA	NA	NA	NA	NA	"gabled"	"supermarket"	NA	NA	NA	"https://www.lidl.de/"	"yes"	list(c(9.4417544, 9.4417599, 9.4416705, 9.4416931, 9.441892, 9.4418885, 9.4422369, 9.4422188, 9.4422983, 9.4422919, 9.4417544, 51.2825421, 51.2825921, 51.2825959, 51.2828019, 51.2827934, 51.282762, 51.2827471, 51.2825814, 51.282578, 51.2825191, 51.2825421))
"126623827"	"Edeka Korschan KG"	"Kassel"	NA	NA	"94"	"34132"	"Brückenhofstraße"	NA	"Edeka"	NA	NA	"commercial"	NA	NA	"1"	NA	NA	NA	NA	NA	NA	NA	NA	NA	NA	NA	"Mo-Fr 07:00-20:00; Sa 07:00-19:00"	NA	NA	NA	NA	NA	NA	NA	NA	NA	NA	NA	NA	NA	NA	NA	"gabled"	"supermarket"	NA	NA	NA	NA	"yes"	list(c(9.4434098, 9.4433254, 9.4432979, 9.4432535, 9.4431114, 9.4430763, 9.4430622, 9.4426225, 9.4426433, 9.4423597, 9.442333, 9.4419068, 9.4418703, 9.4417894, 9.4417339, 9.4431737, 9.4432401, 9.4433162, 9.4434098, 51.283713, 51.2836978, 51.283756, 51.2837479, 51.2837652, 51.2837599, 51.2837896, 51.2837075, 51.2836638, 51.2836109, 51.2836669, 51.2835873, 51.2836637, 51.2836486, 51.2837649, 51.2840339, 51.2838948, 51.283909, 51.283713))
"126775529"	"Aldi Nord"	"Kassel"	"DE"	NA	"62"	"34132"	"Mattenbergstraße"	NA	"Aldi Nord"	"Q41171373"	"en:Aldi"	"yes"	NA	NA	NA	NA	NA	NA	NA	NA	NA	NA	NA	NA	NA	NA	"Mo-Sa 07:00-21:00"	"ALDI GmbH & Co. KG, 34346 Hann. Münden"	NA	NA	NA	NA	NA	NA	NA	NA	NA	NA	NA	NA	NA	NA	NA	"supermarket"	NA	NA	NA	NA	"yes"	list(c(9.4392692, 9.439341, 9.4392796, 9.4396537, 9.4398454, 9.439456, 9.4393587, 9.4393246, 9.4392951, 9.4392692, 51.275124, 51.2751389, 51.2752842, 51.275347, 51.2748947, 51.2748287, 51.2750768, 51.2750705, 51.2750648, 51.275124))
"127227242"	"Edeka"	NA	NA	NA	NA	NA	NA	NA	NA	NA	NA	"yes"	NA	NA	NA	NA	NA	NA	NA	NA	NA	NA	NA	NA	NA	NA	NA	NA	NA	NA	NA	NA	NA	NA	NA	NA	NA	NA	NA	NA	NA	NA	NA	"supermarket"	"Bing"	NA	NA	NA	"yes"	list(c(9.3949703, 9.3949973, 9.3949631, 9.3947696, 9.3946035, 9.3946117, 9.3946618, 9.3947096, 9.3946884, 9.3947258, 9.3947594, 9.3948719, 9.394857, 9.394963, 9.3949779, 9.3949847, 9.3953917, 9.3955903, 9.3956081, 9.3957145, 9.3954838, 9.3954738, 9.3953203, 9.3949703, 51.410887, 51.4108199, 51.4108146, 51.4107842, 51.4109039, 51.4109248, 51.4110516, 51.4110591, 51.4111262, 51.4111324, 51.4111799, 51.4111973, 51.411235, 51.4112513, 51.4112136, 51.4111963, 51.4112588, 51.4112893, 51.4112441, 51.4109745, 
51.4109391, 51.4109643, 51.4109406, 51.410887))
"139667094"	"Tegut"	"Kassel"	"DE"	NA	"86"	"34121"	"Frankfurter Straße"	NA	"Tegut"	"Q1547993"	"en:Tegut"	"retail"	NA	NA	"1"	NA	NA	NA	NA	NA	NA	NA	NA	NA	NA	NA	"Mo-Sa 08:00-22:00"	NA	NA	NA	NA	NA	NA	NA	NA	NA	NA	NA	NA	NA	NA	"0"	NA	"supermarket"	NA	NA	NA	"https://www.tegut.com/"	"yes"	list(c(9.483829, 9.4835337, 9.4836087, 9.4837631, 9.4840839, 9.4840363, 9.4838827, 9.483829, 51.3040756, 51.3041799, 51.304261, 51.3043505, 51.3041457, 51.3040894, 51.3041397, 51.3040756))
"145078918"	"Edeka Neukauf"	"Fuldabrück"	NA	NA	"30"	"34277"	"Glockenhofsweg"	"Dörnhagen"	NA	NA	NA	"retail"	NA	NA	NA	NA	NA	NA	NA	NA	NA	"+49 5665 922946"	NA	NA	NA	NA	"Mo-Sa 08:00-20:00"	NA	NA	NA	NA	NA	NA	NA	NA	NA	NA	NA	"+49 5665 2643"	NA	NA	NA	NA	"supermarket"	"http://www.neukauf-hofmann.de/html/filialen1.html"	"2015-12-14"	NA	"http://www.neukauf-hofmann.de/html/filialen1.html"	NA	list(c(9.4981018, 9.4982062, 9.4982265, 9.49877, 9.4987461, 9.4988453, 9.4988065, 9.4985333, 9.4985099, 9.4980361, 9.4981018, 51.2297903, 51.2298002, 51.2297163, 51.2297679, 51.2298664, 51.2298758, 51.2300361, 51.2300101, 51.2301066, 51.2300617, 51.2297903))
"148249627"	"Edeka Neukauf"	"Fuldatal"	NA	NA	"1"	"34233"	"Lessingstraße"	NA	NA	NA	NA	"supermarket"	NA	NA	NA	NA	NA	NA	NA	NA	NA	NA	NA	NA	NA	NA	NA	NA	NA	NA	NA	NA	NA	NA	NA	NA	NA	NA	"+49 561 811451"	NA	NA	NA	NA	"supermarket"	"bing aerial"	"2015-12-15"	NA	NA	"yes"	list(c(9.5257019, 9.5256721, 9.5258545, 9.5259453, 9.5259691, 9.5260411, 9.5260141, 9.5260845, 9.5261441, 9.5262273, 9.5260597, 9.525938, 9.5256235, 9.5257019, 51.3480393, 51.348007, 51.3479407, 51.348029, 51.3480194, 51.3480876, 51.3480999, 51.3481601, 51.348135, 51.3482154, 51.3482868, 51.3483425, 51.3480692, 51.3480393))
"148251797"	"Rewe"	"Fuldatal"	"DE"	NA	"23"	"34233"	"Niedervellmarsche Straße"	"Ihringshausen"	"Rewe"	"Q16968817"	"en:REWE"	"supermarket"	NA	NA	NA	NA	NA	NA	NA	NA	NA	NA	NA	NA	NA	NA	"Mo-Sa 07:00-22:00"	"Träger"	NA	NA	NA	NA	NA	NA	NA	NA	NA	NA	"+49 561 810280"	NA	NA	NA	NA	"supermarket"	"http://www.rewe.de/"	"2015-12-15"	NA	"http://www.rewe.de/"	"limited"	list(c(9.5210642, 9.5209917, 9.5213807, 9.5213699, 9.5216446, 9.5216259, 9.5218586, 9.5218799, 9.5221073, 9.5221229, 9.5222619, 9.5223537, 9.5218304, 9.5218608, 9.5215014, 9.5214417, 9.5210642, 51.3502307, 51.3500431, 51.3499811, 51.3499493, 51.3499094, 51.3498681, 51.349817, 51.3498752, 51.3498422, 51.3498843, 51.3498641, 51.3501111, 51.3501869, 51.3502743, 51.3503312, 51.3501711, 51.3502307))
"150044551"	"Lidl"	"Kassel"	"DE"	NA	"215"	"34134"	"Frankfurter Straße"	NA	"Lidl"	"Q151954"	"en:Lidl"	"retail"	NA	NA	"1"	NA	NA	NA	NA	NA	NA	NA	NA	NA	NA	NA	"Mo-Sa 08:00-21:00"	NA	NA	NA	NA	NA	NA	NA	NA	NA	NA	NA	NA	NA	NA	"0"	NA	"supermarket"	NA	NA	NA	NA	"yes"	list(c(9.4742261, 9.4740354, 9.4744784, 9.4745521, 9.4744726, 9.4746303, 9.4745878, 9.4744745, 9.4742671, 9.4742261, 51.2910928, 51.2909062, 51.2907292, 51.2908014, 51.2908332, 51.2909875, 51.2910045, 51.2910498, 51.291137, 51.2910928))
"159832169"	"Aldi Nord"	"Vellmar"	"DE"	NA	"119"	"34246"	"Zum Feldlager"	NA	"Aldi Nord"	"Q41171373"	"en:Aldi"	"retail"	NA	NA	"1"	NA	NA	NA	NA	NA	NA	NA	NA	NA	NA	NA	"Mo-Sa 08:00-20:00"	NA	NA	NA	NA	NA	NA	NA	NA	NA	NA	NA	NA	NA	"chocolate"	"1"	NA	"supermarket"	NA	NA	NA	NA	"yes"	list(c(9.4663571, 9.4665158, 9.4672465, 9.4671693, 9.4672388, 9.4671792, 9.4671327, 9.4671109, 9.4663571, 51.3523534, 51.3521377, 51.3523475, 51.3524524, 51.3524724, 51.3525534, 51.3525401, 51.3525698, 51.3523534))
"160925069"	"Edeka"	"Immenhausen"	NA	NA	"11"	"34376"	"Grebensteiner Straße"	NA	NA	NA	NA	"yes"	NA	NA	NA	NA	NA	NA	NA	NA	NA	NA	NA	NA	NA	NA	NA	NA	NA	NA	NA	NA	NA	NA	NA	NA	NA	NA	"+49 5673 925386"	NA	NA	NA	NA	"supermarket"	"http://www.neukauf-hofmann.de/"	"2015-12-17"	NA	"http://www.neukauf-hofmann.de/"	NA	list(c(9.4685004, 9.4691716, 9.4694362, 9.468686, 9.468587, 9.4686661, 9.4685004, 51.4286382, 51.4288527, 51.4285307, 51.428291, 51.4284114, 51.4284367, 51.4286382))
"160925084"	"Aldi Nord"	"Immenhausen"	NA	NA	NA	"34376"	"Auf dem Mühlenanger"	NA	NA	NA	NA	"yes"	NA	NA	NA	NA	NA	NA	NA	NA	NA	NA	NA	NA	NA	NA	"Mo-Sa 08:00-20:00"	"ALDI GmbH & Co. KG, 34346 Hann. Münden"	NA	NA	NA	NA	NA	NA	NA	NA	NA	NA	NA	NA	NA	NA	NA	"supermarket"	"http://www.aldi-nord.de/"	"2015-12-17"	NA	"http://www.aldi-nord.de/"	NA	list(c(9.4679136, 9.4681129, 9.4687052, 9.4685059, 9.4679136, 51.4290994, 51.4292809, 51.4290279, 51.4288465, 51.4290994))
"161183027"	"Edeka Getränkemarkt"	"Fuldabrück"	NA	NA	"5"	"34277"	"Glockenhofsweg"	"Dörnhagen"	NA	NA	NA	NA	NA	NA	NA	NA	NA	NA	NA	NA	"info@neukauf-hofmann.de"	NA	NA	NA	NA	NA	"Mo-Sa 08:00-20:00"	NA	NA	NA	NA	NA	NA	NA	NA	NA	NA	NA	"+49 5665 4121"	NA	NA	NA	NA	"supermarket"	"http://www.neukauf-hofmann.de/html/filialen1.html"	"2015-12-14"	NA	"http://www.neukauf-hofmann.de/html/filialen1.html"	NA	list(c(9.5015393, 9.5012918, 9.5012913, 9.5015388, 9.5015393, 51.2282142, 51.2282156, 51.2281779, 51.2281765, 51.2282142))
"161238566"	"Lidl"	"Kassel"	"DE"	NA	"5"	"34125"	"Hafenstraße"	"Unterneustadt"	"Lidl"	"Q151954"	"en:Lidl"	"yes"	NA	NA	NA	NA	NA	NA	NA	NA	NA	NA	NA	NA	NA	NA	"Mo-Sa 08:00-21:00"	NA	NA	NA	NA	NA	NA	NA	NA	NA	NA	NA	NA	NA	NA	NA	NA	"supermarket"	NA	NA	NA	NA	"yes"	list(c(9.5106959, 9.510549, 9.5106362, 9.5104084, 9.5103222, 9.5100559, 9.5098102, 9.5104477, 9.5106959, 51.3145045, 51.3145919, 51.3146503, 51.3147848, 51.3147259, 51.3148803, 51.314706, 51.3143355, 51.3145045))
"163443217"	"REWE Nahkauf"	"Kassel"	"DE"	NA	"40"	"34132"	"Nordshäuser Straße"	"Brasselsberg"	NA	NA	NA	"retail"	NA	NA	NA	NA	NA	NA	NA	NA	NA	NA	NA	NA	NA	NA	"Mo-Fr 07:00-19:00; Sa 07:00-13:00"	NA	NA	NA	NA	NA	NA	NA	NA	NA	NA	NA	NA	NA	NA	NA	NA	"supermarket"	NA	NA	NA	NA	NA	list(c(9.4151628, 9.4150173, 9.4149656, 9.4148577, 9.4149751, 9.4149597, 9.4149934, 9.4151628, 51.2891131, 51.288965, 51.2889477, 51.2889942, 51.2891217, 51.2891268, 51.2891638, 51.2891131))
"165013599"	"Edeka Sebera"	"Kassel"	"DE"	NA	"199"	"34127"	"Wolfhager Straße"	NA	NA	NA	NA	"retail"	NA	NA	NA	NA	NA	NA	NA	NA	NA	NA	NA	NA	NA	NA	"Mo-Sa 07:00-21:00"	NA	NA	NA	NA	NA	NA	NA	NA	NA	NA	NA	NA	NA	NA	NA	NA	"supermarket"	NA	NA	NA	NA	"yes"	list(c(9.4698431, 9.4698442, 9.4701017, 9.4698443, 9.4692837, 9.4692892, 9.4693026, 9.4698153, 9.4698116, 9.4697781, 9.469774, 9.46985, 9.4698431, 51.3237682, 51.3237403, 51.3236259, 51.3234041, 51.3236683, 51.3237852, 51.3240217, 51.3240023, 51.3239479, 51.3239509, 51.3238709, 51.32387, 51.3237682))
"171558456"	"Nahkauf"	NA	NA	NA	"34"	NA	"Philippinenhöfer Weg"	NA	"Nahkauf"	"Q57515238"	NA	"yes"	NA	NA	NA	NA	NA	NA	NA	NA	NA	NA	NA	NA	NA	NA	NA	NA	NA	NA	NA	NA	NA	NA	NA	NA	NA	NA	NA	NA	NA	NA	NA	"supermarket"	NA	NA	NA	NA	NA	list(c(9.4952121, 9.4950345, 9.4950028, 9.4948495, 9.4947346, 9.4948613, 9.4949, 9.4948655, 9.494829, 9.4948204, 9.4947243, 9.4948497, 9.4953404, 9.4952121, 51.3443681, 51.344279, 51.3442631, 51.3443833, 51.3443258, 51.3442264, 51.3441961, 51.3441788, 51.3441605, 51.3441672, 51.3441191, 51.3440206, 51.3442686, 51.3443681))
"177299230"	"Edeka"	"Baunatal"	NA	NA	NA	"34225"	NA	NA	NA	NA	NA	"yes"	NA	NA	NA	NA	NA	NA	NA	NA	NA	NA	NA	NA	NA	NA	NA	"EDEKA-Gruppe"	NA	NA	NA	NA	NA	NA	NA	NA	NA	NA	NA	NA	NA	NA	NA	"supermarket"	NA	NA	NA	"https://www.edeka.de/"	NA	list(c(9.418455, 9.4186061, 9.4185992, 9.4184276, 9.4184361, 9.418455, 51.2582362, 51.2582346, 51.2580477, 51.2580671, 51.2581093, 51.2582362))
"183843543"	"Edeka"	NA	NA	NA	"7"	NA	NA	NA	"Edeka"	"Q701755"	"en:Edeka"	"retail"	NA	NA	"2"	NA	NA	NA	NA	NA	NA	NA	NA	NA	NA	NA	"Mo-Sa 08:00-22:00"	NA	NA	NA	NA	NA	NA	NA	NA	NA	NA	NA	NA	NA	NA	"0"	NA	"supermarket"	NA	NA	NA	NA	NA	list(c(9.5140288, 9.5141367, 9.5143448, 9.5138561, 9.5136469, 9.5140288, 51.324284, 51.3243433, 51.3241986, 51.323924, 51.3240694, 51.324284))
"186938836"	"Aldi"	"Kassel"	"DE"	NA	"14"	NA	"Fuldatalstraße"	NA	"Aldi"	"Q125054"	"en:Aldi"	"retail"	NA	NA	"1"	NA	NA	NA	NA	NA	NA	NA	NA	NA	NA	NA	"Mo-Sa 08:00-20:00"	NA	NA	NA	NA	NA	NA	NA	NA	NA	NA	NA	NA	NA	NA	"0"	NA	"supermarket"	NA	NA	NA	NA	NA	list(c(9.5182081, 9.5183854, 9.5189603, 9.5188361, 9.5188952, 9.5188422, 9.5182081, 51.3255691, 51.3257765, 51.3255846, 51.3254393, 51.3254195, 51.3253575, 51.3255691))
"192388937"	"Lidl"	"Edermünde"	NA	NA	"11"	"34295"	"Lange Heideteile"	NA	"Lidl"	"Q151954"	"en:Lidl"	"supermarket"	NA	NA	NA	NA	NA	NA	NA	NA	NA	NA	NA	NA	NA	NA	"Mo-Sa 08:00-20:00"	NA	NA	NA	"yes"	"yes"	NA	NA	"yes"	"yes"	"yes"	"yes"	NA	NA	NA	NA	NA	"supermarket"	NA	NA	NA	NA	"yes"	list(c(9.4296535, 9.4305169, 9.4305477, 9.4296842, 9.4296535, 51.2251842, 51.2252221, 51.2249465, 51.2249087, 51.2251842))
"192392662"	"Penny"	"Baunatal"	NA	NA	"1"	"34225"	"Hainbuchenstraße"	NA	"Penny"	"Q284688"	"en:Penny (supermarket)"	"yes"	NA	NA	NA	NA	NA	NA	NA	NA	NA	NA	NA	NA	NA	NA	"Mo-Sa 08:00-21:00"	NA	NA	NA	NA	NA	NA	NA	NA	NA	NA	NA	NA	NA	NA	NA	NA	"supermarket"	"http://www.penny.de/"	"2015-12-22"	NA	"http://www.penny.de/"	NA	list(c(9.4249331, 9.4253436, 9.4252721, 9.4252169, 9.4251406, 9.4249145, 9.4248984, 9.4247691, 9.4249331, 51.2649277, 51.2648619, 51.2646871, 51.264696, 51.2645094, 51.2645456, 51.2645061, 51.2645268, 51.2649277))
"192393166"	"Aldi Nord"	"Edermünde"	NA	NA	"10"	"34295"	"Zur Mühle"	NA	"Aldi Nord"	"Q41171373"	"en:Aldi"	"yes"	NA	NA	NA	NA	NA	NA	NA	NA	NA	NA	NA	NA	NA	NA	"08:00-20:00"	"ALDI GmbH & Co. KG, 34346 Hann. Münden"	NA	"yes"	NA	NA	"yes"	"yes"	NA	NA	NA	NA	NA	NA	NA	NA	NA	"supermarket"	NA	NA	NA	"https://www.aldi-nord.de"	NA	list(c(9.4487369, 9.4490779, 9.4493481, 9.449007, 9.4488325, 9.4487369, 51.2110598, 51.2111532, 51.2107661, 51.2106727, 51.2109227, 51.2110598))
"192393167"	"Rewe"	"Edermünde"	NA	NA	"1"	"34295"	"Zur Mühle"	NA	"Rewe"	"Q16968817"	"en:REWE"	"commercial"	NA	NA	NA	NA	NA	NA	NA	NA	NA	NA	NA	NA	NA	NA	"Mo-Sa 07:00-22:00"	"REWE"	NA	"yes"	NA	NA	"yes"	"yes"	NA	NA	NA	NA	NA	NA	NA	NA	NA	"supermarket"	NA	NA	NA	"https://www.rewe.de/"	NA	list(c(9.4481095, 9.4491473, 9.4491762, 9.4490514, 9.4491174, 9.4483153, 9.4482692, 9.4481583, 9.4481095, 51.2118695, 51.2120037, 51.211916, 51.2118998, 51.2116995, 51.2115958, 51.2117357, 51.2117213, 51.2118695))
"193324829"	"Aldi"	NA	NA	NA	NA	NA	NA	NA	NA	NA	NA	"yes"	NA	NA	NA	NA	NA	NA	NA	NA	NA	NA	NA	NA	NA	NA	NA	NA	NA	NA	NA	NA	NA	NA	NA	NA	NA	NA	NA	NA	NA	NA	NA	"supermarket"	NA	NA	NA	NA	NA	list(c(9.3941359, 9.3943752, 9.3942621, 9.3942526, 9.3938797, 9.3938603, 9.3936518, 9.3936736, 9.3935577, 9.3936623, 9.3941203, 9.3941359, 51.4114585, 51.4114977, 51.4117664, 51.4117891, 51.411728, 51.4117743, 51.4117401, 51.4116882, 51.4116692, 51.4114207, 51.4114957, 51.4114585))
"193649541"	"Furkan Lebensmittel"	NA	NA	NA	"2"	"34123"	"Ochshäuser Straße"	NA	NA	NA	NA	"yes"	NA	NA	NA	NA	NA	NA	NA	NA	NA	NA	NA	NA	NA	NA	"Mo-Sa 08:00-20:00"	NA	NA	NA	NA	NA	NA	NA	NA	NA	NA	NA	NA	NA	NA	NA	NA	"supermarket"	NA	NA	NA	NA	NA	list(c(9.5308387, 9.5309197, 9.5307288, 9.5306687, 9.5306276, 9.5305877, 9.5308387, 51.3028395, 51.303095, 51.3031187, 51.3031261, 51.3029965, 51.3028706, 51.3028395))
"193832632"	"Netto Markt"	"Körle"	NA	NA	"40"	"34327"	"Nürnberger Straße"	NA	NA	NA	NA	"commercial"	NA	NA	NA	NA	NA	NA	NA	NA	NA	NA	NA	NA	NA	NA	NA	NA	NA	NA	NA	NA	NA	NA	NA	NA	NA	NA	"+49 800 2000015"	NA	NA	NA	NA	"supermarket"	"https://www.netto-online.de/"	"2015-12-18"	"no"	"https://www.netto-online.de/"	"yes"	list(c(9.5199065, 9.520314, 9.5200084, 9.5196009, 9.5199065, 51.1684196, 51.1681621, 51.1679719, 51.1682294, 51.1684196))
"194101440"	"Netto"	"Kassel"	"DE"	NA	"59"	"34121"	"Tischbeinstraße"	NA	NA	NA	NA	"retail"	NA	NA	"1"	NA	NA	NA	NA	NA	NA	NA	NA	NA	NA	NA	"Mo-Sa 07:00-22:00; PH off"	NA	NA	NA	NA	NA	NA	NA	NA	NA	NA	NA	NA	NA	NA	NA	NA	"supermarket"	NA	NA	NA	NA	"yes"	list(c(9.4817159, 9.4814045, 9.4811571, 9.4811177, 9.4814568, 9.4814983, 9.4817159, 51.3082985, 51.3083807, 51.3080321, 51.3079072, 51.3078586, 51.3079551, 51.3082985))
"194452711"	"Aldi Nord"	"Schauenburg"	"DE"	NA	"2"	"34270"	"Pfingstweide"	"Hoof"	"Aldi Nord"	"Q41171373"	"en:Aldi"	"retail"	NA	NA	"1"	NA	NA	NA	NA	"http://aldi-nord.de/"	NA	NA	NA	NA	NA	NA	"Mo-Sa 07:00-20:00; Su off"	NA	NA	NA	NA	"yes"	NA	NA	"yes"	"yes"	NA	"yes"	NA	NA	NA	"0"	NA	"supermarket"	"http://aldi-nord.de/"	"2018-01-30"	NA	"https://www.aldi-nord.de/"	"yes"	list(c(9.356758, 9.3563337, 9.3562806, 9.3569275, 9.3569805, 9.3568419, 9.3568532, 9.3567691, 9.356758, 51.2799867, 51.2799489, 51.2801822, 51.2802398, 51.2800069, 51.2799946, 51.279945, 51.2799376, 51.2799867))
"194452713"	"Rewe"	"Schauenburg"	"DE"	NA	"4"	"34270"	"Pfingstweide"	"Hoof"	"Rewe"	"Q16968817"	"en:REWE"	"retail"	NA	NA	"1"	NA	NA	NA	"+49 5601 92870"	"http://rewe.de/"	NA	NA	NA	NA	NA	NA	"Mo-Sa 07:00-22:00"	NA	NA	NA	NA	"yes"	NA	NA	"yes"	"yes"	NA	"yes"	NA	NA	NA	"0"	NA	"supermarket"	"http://rewe.de/"	"2018-01-30"	NA	"https://www.rewe.de/"	"yes"	list(c(9.3552142, 9.3550404, 9.355015, 9.3549758, 9.3552218, 9.3552603, 9.3555682, 9.3556725, 9.3556375, 9.3556829, 9.3555498, 9.3555746, 9.3553116, 9.3553249, 9.3552684, 9.3552551, 9.3552142, 51.2798487, 51.2803621, 51.2803587, 51.2804746, 51.2805072, 51.2803933, 51.280434, 51.2801262, 51.2801215, 51.2799874, 51.2799698, 51.2798965, 51.2798617, 51.2798225, 51.279815, 51.2798541, 51.2798487))
"197337657"	"tegut"	"Lohfelden"	"DE"	NA	"40"	"34253"	"Elisabeth-Selbert-Straße"	NA	NA	NA	NA	"retail"	NA	NA	NA	NA	NA	NA	NA	NA	NA	NA	NA	NA	NA	NA	"Mo-Sa 07:00-21:00"	NA	NA	NA	NA	NA	NA	NA	NA	NA	NA	NA	NA	NA	NA	NA	NA	"supermarket"	NA	NA	NA	NA	"yes"	list(c(9.5577488, 9.557148, 9.5572178, 9.5578412, 9.5581871, 9.5577488, 51.2814559, 51.2811422, 51.2810768, 51.2809638, 51.2811321, 51.2814559))
"197338637"	"Edeka Werner"	"Söhrewald"	"DE"	NA	"51"	"34320"	"Wattenbacher Straße"	"Wellerode"	NA	NA	NA	"retail"	NA	NA	NA	NA	NA	NA	NA	NA	NA	"+49 5608 5588"	NA	NA	NA	NA	"Mo-Fr 08:00-20:00; Sa 07:30-18:00"	"Jürgen Werner"	NA	NA	NA	NA	NA	NA	NA	NA	NA	NA	"+49 5608 5580"	NA	NA	NA	NA	"supermarket"	"http://www.edeka.de/"	"2016-01-15"	NA	"http://www.edeka.de/"	"yes"	list(c(9.5790381, 9.5794163, 9.5791695, 9.5789978, 9.5789147, 9.5785633, 9.5788825, 9.5790381, 51.2322108, 51.2323754, 51.2325954, 51.2325282, 51.2325937, 51.2324375, 51.2321487, 51.2322108))
"197489215"	NA	NA	NA	NA	NA	NA	NA	NA	NA	NA	NA	"yes"	NA	NA	NA	NA	NA	NA	NA	NA	NA	NA	NA	NA	NA	NA	NA	NA	NA	NA	NA	NA	NA	NA	NA	NA	NA	NA	NA	NA	NA	NA	NA	"supermarket"	NA	NA	NA	NA	NA	list(c(9.5451635, 9.5448272, 9.5443527, 9.5446232, 9.5449175, 9.5449963, 9.5451635, 51.3075033, 51.3079141, 51.3077517, 51.3074396, 51.3075386, 51.3074471, 51.3075033))
"197489216"	"Netto Marken-Discount"	"Kassel"	NA	NA	"51"	"34123"	"Heiligenröder Straße"	NA	"Netto Marken-Discount"	"Q879858"	"de:Netto Marken-Discount"	"retail"	NA	NA	NA	NA	NA	NA	NA	NA	NA	NA	NA	NA	NA	NA	"Mo-Sa 07:00-21:00"	NA	NA	NA	NA	NA	NA	NA	NA	NA	NA	NA	NA	NA	NA	NA	NA	"supermarket"	NA	NA	"no"	NA	"yes"	list(c(9.5441108, 9.5440547, 9.5443527, 9.5448272, 9.5447056, 9.5445084, 9.54409, 9.5441108, 51.3081111, 51.308092, 51.3077517, 51.3079141, 51.3080529, 51.3082781, 51.3081349, 51.3081111))
"197883327"	"Edeka"	NA	NA	NA	NA	NA	NA	NA	NA	NA	NA	"commercial"	NA	NA	NA	NA	NA	NA	NA	NA	NA	NA	NA	NA	NA	NA	NA	"EDEKA-Gruppe"	NA	NA	NA	NA	NA	NA	NA	NA	NA	NA	NA	NA	NA	NA	NA	"supermarket"	NA	NA	NA	NA	"yes"	list(c(9.4731684, 9.4735562, 9.473193, 9.4728856, 9.4730714, 9.472991, 9.4731684, 51.2029376, 51.2027342, 51.2024624, 51.2026236, 51.2027626, 51.2028048, 51.2029376))
"198712348"	"Rewe Getränke"	"Fuldabrück"	NA	NA	"1"	"34277"	"Ostring"	NA	NA	NA	NA	"yes"	NA	NA	NA	NA	NA	NA	NA	NA	NA	NA	NA	NA	NA	NA	"Mo-Sa 08:00-21:00"	NA	NA	NA	NA	NA	NA	NA	NA	NA	NA	NA	"+49 561 58580037"	NA	NA	NA	NA	"supermarket"	"https://www.rewe.de/"	"2015-12-14"	NA	"https://www.rewe.de/"	NA	list(c(9.5025445, 9.5026255, 9.5025773, 9.5026103, 9.5026554, 9.5026825, 9.5030298, 9.5030221, 9.5030988, 9.5030551, 9.5029774, 9.5028866, 9.5027453, 9.5027385, 9.502602, 9.50261, 9.5025445, 51.2682537, 51.2679996, 51.2679936, 51.26789, 51.2678956, 51.2678108, 51.2678541, 51.2678781, 51.2678876, 51.2680249, 51.2680152, 51.2683005, 51.2682828, 51.2683041, 51.2682871, 51.2682619, 51.2682537))
"199164465"	"Aldi Nord"	"Niestetal"	"DE"	NA	"13"	"34266"	"Hannoversche Straße"	NA	"Aldi Nord"	"Q41171373"	"en:Aldi"	"retail"	NA	NA	NA	NA	NA	NA	NA	NA	NA	NA	NA	NA	NA	NA	"Mo-Sa 07:00-21:00"	NA	NA	NA	NA	NA	NA	NA	NA	NA	NA	NA	NA	NA	NA	NA	NA	"supermarket"	NA	NA	NA	"https://www.aldi-nord.de/"	"yes"	list(c(9.5406575, 9.5408399, 9.5411046, 9.541138, 9.5412584, 9.5409014, 9.540721, 9.5406532, 9.5406032, 9.5406645, 9.5405097, 9.5406575, 51.3160489, 51.3161191, 51.3158506, 51.3158635, 51.3157414, 51.3156039, 51.3157868, 51.3157607, 51.3158114, 51.315835, 51.315992, 51.3160489))
"200001161"	"Rewe"	"Espenau"	NA	NA	"19"	"34314"	"Goethestraße"	NA	"Rewe"	"Q16968817"	"en:REWE"	"retail"	NA	NA	"1"	NA	NA	NA	NA	NA	NA	NA	NA	NA	NA	NA	"Mo-Sa 07:00-22:00"	NA	NA	NA	NA	NA	NA	NA	NA	NA	NA	NA	NA	NA	NA	NA	NA	"supermarket"	"bing aerial"	NA	NA	"https://www.rewe.de/marktseite/espenau/1465556/rewe-markt-goethestr-19/"	"yes"	list(c(9.4662319, 9.4654437, 9.4654082, 9.4653084, 9.4660956, 9.4662319, 51.39082, 51.3910145, 51.3909583, 51.3908025, 51.3906067, 51.39082))
"200001163"	"Netto Marken-Discount"	"Espenau"	NA	NA	"16"	"34314"	"Goethestraße"	NA	"Netto Marken-Discount"	"Q879858"	"de:Netto Marken-Discount"	"yes"	NA	NA	NA	NA	NA	NA	NA	NA	NA	NA	NA	NA	NA	NA	"Mo-Sa 07:00-21:00"	NA	NA	NA	NA	NA	NA	NA	NA	NA	NA	NA	NA	NA	NA	NA	NA	"supermarket"	"bing aerial"	NA	NA	"https://www.netto-online.de/"	"yes"	list(c(9.4629485, 9.4631848, 9.4632162, 9.4634841, 9.4633045, 9.4628004, 9.4629485, 51.3907047, 51.3906487, 51.3907004, 51.3906369, 51.3903418, 51.3904612, 51.3907047))
"202308373"	"Lidl"	"Kassel"	NA	NA	"151"	"34125"	"Ihringshäuser Straße"	NA	"Lidl"	"Q151954"	"en:Lidl"	"yes"	NA	NA	NA	NA	NA	NA	NA	NA	NA	NA	NA	NA	NA	NA	"Mo-Sa 07:00-21:00"	NA	NA	NA	NA	NA	NA	NA	NA	NA	NA	NA	NA	NA	NA	NA	NA	"supermarket"	NA	NA	NA	"https://www.lidl.de/"	NA	list(c(9.5162475, 9.5158408, 9.5160591, 9.5161635, 9.5161408, 9.5163795, 9.5163312, 9.5163947, 9.5162475, 51.3400442, 51.3401285, 51.3405391, 51.3405175, 51.3404747, 51.3404252, 51.3403343, 51.3403211, 51.3400442))
"202344553"	"Penny"	NA	NA	NA	NA	NA	NA	NA	"Penny"	"Q284688"	"en:Penny (supermarket)"	"yes"	NA	NA	NA	NA	NA	NA	NA	NA	NA	NA	NA	NA	"opening 10.07.2018"	"Aldi Nord"	"Mo-Sa 08:00-22:00"	NA	NA	NA	NA	NA	NA	NA	NA	NA	NA	NA	NA	NA	NA	NA	NA	"supermarket"	NA	NA	NA	NA	"yes"	list(c(9.4994543, 9.4992329, 9.4991251, 9.4990871, 9.4988571, 9.4991143, 9.4994543, 51.3244982, 51.3248424, 51.3248119, 51.3248541, 51.3247886, 51.3244084, 51.3244982))
"204267059"	"Netto"	"Fuldatal"	NA	NA	"21"	"34233"	"Veckerhagener Straße"	NA	NA	NA	NA	"supermarket"	NA	NA	NA	NA	NA	NA	NA	NA	NA	NA	NA	NA	NA	NA	NA	NA	NA	NA	NA	NA	NA	NA	NA	NA	NA	NA	"+49 800 2000015"	NA	NA	NA	NA	"supermarket"	"bing aerial"	"2015-12-15"	NA	NA	"yes"	list(c(9.5247386, 9.524642, 9.5243202, 9.5243309, 9.524237, 9.5243282, 9.5244784, 9.5244677, 9.5247386, 51.348576, 51.3482041, 51.3482342, 51.3482895, 51.3482995, 51.3486647, 51.3486497, 51.3486044, 51.348576))
"204770460"	"Tegut"	"Baunatal"	NA	NA	"14-18"	"34225"	"Altenbaunaer Straße"	NA	"Tegut"	"Q1547993"	"en:Tegut"	"yes"	NA	NA	NA	NA	NA	NA	NA	NA	NA	NA	NA	NA	NA	NA	"Mo-Sa 07:00-22:00"	NA	NA	NA	NA	NA	NA	NA	NA	NA	NA	NA	"+49 561 5894660"	NA	NA	NA	NA	"supermarket"	NA	NA	NA	"https://www.tegut.com/maerkte/markt/tegut-baunatal-altenritte-altenbaunaer-str-14-18.html"	"yes"	list(c(9.3994612, 9.3995336, 9.3995953, 9.3996704, 9.3997241, 9.3998018, 9.3998743, 9.3999306, 9.4000057, 9.4000701, 9.4001103, 9.4001505, 9.4000674, 9.3993834, 9.3994612, 51.2608436, 51.2608352, 51.260857, 51.2608789, 51.2608822, 51.2608839, 51.2608654, 51.260847, 51.2608084, 51.2607681, 51.2607446, 51.2607379, 51.260518, 51.2606288, 51.2608436))
"205769916"	"Penny"	"Kassel"	"DE"	NA	"22"	"34127"	"Struthbachweg"	NA	"Penny"	"Q284688"	"en:Penny (supermarket)"	"yes"	NA	NA	NA	NA	NA	NA	NA	NA	NA	NA	NA	NA	NA	NA	NA	NA	NA	NA	NA	NA	NA	NA	NA	NA	NA	NA	NA	NA	NA	NA	NA	"supermarket"	NA	NA	NA	NA	"yes"	list(c(9.4922679, 9.4924353, 9.4923861, 9.4925023, 9.493051, 9.4927765, 9.4926993, 9.492577, 9.4922679, 51.3337417, 51.3336365, 51.3336059, 51.3335328, 51.3338734, 51.3340388, 51.3339937, 51.3339223, 51.3337417))
"205795199"	"Aldi Nord"	"Fuldatal"	NA	NA	"3"	"34233"	"Ziegelei"	NA	"Aldi Nord"	"Q41171373"	"en:Aldi"	"yes"	NA	NA	NA	NA	NA	NA	NA	NA	NA	NA	NA	NA	NA	NA	"Mo-Sa 08:00-20:00"	"ALDI GmbH & Co. KG"	NA	NA	NA	NA	NA	NA	NA	NA	NA	NA	NA	NA	NA	NA	NA	"supermarket"	"http://www.aldi-nord.de/filialen/34233-Fuldatal/detail/Ziegelei+3/951860-5134391"	"2015-12-15"	NA	"https://www.aldi-nord.de/"	"yes"	list(c(9.5183072, 9.5183148, 9.5184359, 9.5177975, 9.5176688, 9.5179343, 9.5179125, 9.5179907, 9.5180148, 9.5183072, 51.3438462, 51.3438593, 51.3440657, 51.3442148, 51.343992, 51.3439283, 51.3438933, 51.3438731, 51.3439116, 51.3438462))
"206320695"	"Rewe"	"Kassel"	NA	NA	"2"	"34132"	"Kronenackerstraße"	NA	"Rewe"	"Q16968817"	"en:REWE"	"yes"	NA	NA	NA	NA	NA	NA	NA	NA	NA	NA	NA	NA	NA	NA	"Mo-Fr 06:00-24:00, Sa 06:00-23:30"	"REWE Christof Wenglorz oHG"	NA	NA	NA	NA	NA	NA	NA	NA	NA	NA	"+49 561 4750750"	NA	NA	NA	NA	"supermarket"	NA	NA	NA	NA	"yes"	list(c(9.442041, 9.4421349, 9.4420127, 9.4419859, 9.4416467, 9.4416184, 9.4415943, 9.4414912, 9.441569, 9.4414012, 9.4414343, 9.4417057, 9.4416939, 9.4416828, 9.4417969, 9.44201, 9.4419376, 9.4419725, 9.442041, 51.273706, 51.2734946, 51.2734698, 51.2735168, 51.2734543, 51.2735067, 51.2735017, 51.2737329, 51.273748, 51.2740907, 51.2740969, 51.2741473, 51.2741752, 51.2742014, 51.2742211, 51.2737769, 51.2737652, 51.273693, 51.273706))
"207805282"	"Lidl"	"Kassel"	"DE"	NA	"62a"	"34125"	"Ostring"	NA	"Lidl"	"Q151954"	"en:Lidl"	"yes"	NA	NA	NA	NA	NA	NA	NA	NA	NA	NA	NA	NA	NA	NA	"Mo-Sa 08:00-21:00"	"Lidl"	NA	NA	NA	NA	NA	NA	NA	NA	NA	NA	NA	NA	NA	NA	NA	"supermarket"	NA	NA	NA	NA	"limited"	list(c(9.516363, 9.5169033, 9.5171593, 9.5170743, 9.5170347, 9.5165793, 9.516363, 51.323959, 51.3237107, 51.3239282, 51.3239672, 51.3239335, 51.3241428, 51.323959))
"217506453"	"ALDI-Nord"	"Lohfelden"	"DE"	NA	"30"	"34253"	"Faustmühlenweg"	NA	NA	NA	NA	"yes"	NA	NA	NA	NA	NA	NA	NA	NA	NA	NA	NA	NA	NA	NA	"Mo-Sa 08:00-20:00"	NA	NA	NA	NA	NA	NA	NA	NA	NA	NA	NA	NA	NA	NA	NA	NA	"supermarket"	NA	NA	NA	NA	NA	list(c(9.5469594, 9.5466192, 9.5466601, 9.5463932, 9.5460932, 9.5467448, 9.5468184, 9.546774, 9.5469594, 51.2851103, 51.2849363, 51.284905, 51.2847686, 51.2849981, 51.2853313, 51.2852749, 51.2852522, 51.2851103))
"217882363"	"Aldi Nord"	"Kassel"	"DE"	NA	"274"	"34128"	"Wolfhager Straße"	NA	NA	NA	NA	"retail"	NA	NA	NA	NA	NA	NA	NA	NA	NA	NA	NA	NA	NA	NA	NA	NA	NA	NA	NA	NA	NA	NA	NA	NA	NA	NA	NA	NA	NA	NA	NA	"supermarket"	NA	NA	NA	NA	"yes"	list(c(9.4556242, 9.4563481, 9.4563269, 9.4556031, 9.4556242, 51.3319432, 51.331919, 51.3316727, 51.3316969, 51.3319432))
"219905840"	"Tegut"	"Kassel"	NA	NA	"278"	"34128"	"Wolfhager Straße"	NA	NA	NA	NA	"retail"	NA	NA	NA	NA	NA	NA	NA	NA	NA	NA	NA	NA	NA	NA	NA	NA	NA	NA	NA	NA	NA	NA	NA	NA	NA	NA	NA	NA	NA	NA	NA	"supermarket"	NA	NA	NA	NA	"yes"	list(c(9.4551119, 9.4553174, 9.4553109, 9.4551054, 9.4551119, 51.3319672, 51.3319659, 51.331577, 51.3315783, 51.3319672))
"222543320"	"LIDL"	NA	NA	NA	"12"	"34246"	"Harleshäuser Straße"	NA	NA	NA	NA	"yes"	NA	NA	NA	NA	NA	NA	NA	NA	NA	NA	NA	NA	NA	NA	"Mo-Sa 07:00-21:00"	NA	NA	NA	NA	NA	NA	NA	NA	NA	NA	NA	NA	NA	NA	NA	NA	"supermarket"	NA	NA	NA	NA	"yes"	list(c(9.4491546, 9.449514, 9.4493263, 9.4489615, 9.4491546, 51.3556666, 51.355613, 51.3551473, 51.355211, 51.3556666))
"223043126"	"Lidl"	"Niestetal"	"DE"	NA	"2"	"34266"	"Egon-Höhmann-Straße"	NA	"Lidl"	"Q151954"	"en:Lidl"	"retail"	NA	NA	NA	NA	NA	NA	NA	NA	NA	NA	NA	NA	NA	NA	"Mo-Sa 08:00-20:00"	NA	NA	NA	NA	NA	NA	NA	NA	NA	NA	NA	NA	NA	NA	NA	NA	"supermarket"	NA	NA	NA	"https://www.lidl.de/"	"no"	list(c(9.5429882, 9.5431833, 9.5437495, 9.5435977, 9.5435361, 9.5434928, 9.5429882, 51.3161601, 51.316318, 51.3160448, 51.3159219, 51.3159516, 51.3159166, 51.3161601))
"224686800"	"Netto Marken-Discount"	"Kassel"	"DE"	NA	"2"	"34127"	"Schenkebier Stanne"	NA	"Netto Marken-Discount"	"Q879858"	"de:Netto Marken-Discount"	NA	"lightgrey"	"5.5"	"1"	"yes"	NA	NA	NA	NA	NA	NA	NA	NA	NA	NA	"Mo-Sa 07:00-21:00"	NA	NA	NA	NA	NA	NA	NA	NA	NA	NA	NA	NA	NA	"grey"	NA	"flat"	"supermarket"	NA	NA	NA	NA	"yes"	list(c(9.4788288, 9.4793346, 9.4795188, 9.4795873, 9.4793383, 9.4790815, 9.4788288, 51.3406957, 51.3409166, 51.3407519, 51.3406907, 51.340582, 51.3404698, 51.3406957))
"224849163"	"Lidl"	"Kassel"	NA	NA	"105"	"34127"	"Bunsenstraße"	NA	"Lidl"	"Q151954"	"en:Lidl"	"yes"	NA	NA	NA	NA	NA	NA	NA	NA	NA	NA	NA	NA	NA	NA	"Mo-Sa 08:00-21:00"	NA	NA	NA	NA	NA	NA	NA	NA	NA	NA	NA	NA	NA	NA	NA	NA	"supermarket"	"Bing"	NA	NA	NA	"yes"	list(c(9.4915835, 9.4913617, 9.4913034, 9.4912608, 9.4911329, 9.4907165, 9.4909809, 9.4915835, 51.339307, 51.3394852, 51.3394568, 51.339491, 51.3394285, 51.3392252, 51.3390128, 51.339307))
"228540878"	"Edeka Werner Umbach"	"Edermünde"	"DE"	NA	"4"	"34295"	"Schmiedeweg"	NA	NA	NA	NA	"yes"	NA	NA	NA	NA	NA	NA	NA	NA	NA	NA	NA	NA	NA	NA	NA	"EDEKA-Gruppe"	NA	NA	NA	NA	NA	NA	NA	NA	NA	NA	NA	NA	NA	NA	NA	"supermarket"	NA	NA	NA	NA	NA	list(c(9.4296438, 9.4297137, 9.4297726, 9.429889, 9.4296307, 9.4294443, 9.4296438, 51.2012344, 51.2011871, 51.2012212, 51.2011423, 51.2009925, 51.2011187, 51.2012344))
"235885964"	"Norma"	"Kassel"	NA	NA	"1"	"34132"	"Theodor-Haubach-Straße"	NA	"Norma"	"Q450180"	"de:Norma (Handelskette)"	"commercial"	NA	NA	"1"	NA	NA	NA	NA	NA	NA	NA	NA	NA	NA	NA	"Mo-Sa 08:00-20:00"	NA	NA	NA	NA	NA	NA	NA	NA	NA	NA	NA	NA	NA	NA	NA	"gabled"	"supermarket"	NA	NA	NA	NA	"yes"	list(c(9.4443606, 9.4444894, 9.4445089, 9.4447116, 9.4447686, 9.4447243, 9.4448459, 9.4444792, 9.4444339, 9.4445005, 9.4443671, 9.44438, 9.4443606, 51.2816761, 51.2816996, 51.2816578, 51.2816947, 51.2815724, 51.2815643, 51.2813035, 51.2812366, 51.2813337, 51.2813459, 51.2816321, 51.2816344, 51.2816761))
"243512331"	"Lidl"	"Kassel"	"DE"	NA	"75"	"34121"	"Kohlenstraße"	"Wehlheiden"	"Lidl"	"Q151954"	"en:Lidl"	"yes"	NA	NA	NA	NA	NA	NA	NA	NA	NA	NA	NA	NA	NA	NA	"Mo-Sa 08:00-21:00"	NA	NA	NA	NA	NA	NA	NA	NA	NA	NA	NA	NA	NA	NA	NA	NA	"supermarket"	NA	NA	NA	"https://www.lidl.de/"	"yes"	list(c(9.4587541, 9.4587293, 9.4586001, 9.4586033, 9.4583612, 9.4583675, 9.4583011, 9.4583163, 9.4587541, 51.3088249, 51.3083793, 51.3083821, 51.3084395, 51.3084447, 51.3085586, 51.30856, 51.3088345, 51.3088249))
"246606159"	"Lidl"	"Kassel"	"DE"	NA	"6"	"34123"	"Ochshäuser Straße"	NA	NA	NA	NA	"yes"	NA	NA	NA	NA	NA	NA	NA	NA	NA	NA	NA	NA	"Neubau - Umriss geschätzt"	NA	"Mo-Sa 08:00-21:00"	NA	NA	NA	NA	NA	NA	NA	NA	NA	NA	NA	NA	NA	NA	NA	NA	"supermarket"	NA	NA	NA	NA	"yes"	list(c(9.5295213, 9.5297941, 9.5304337, 9.5301609, 9.5295213, 51.3012523, 51.3010554, 51.3014017, 51.3015987, 51.3012523))
"255093227"	"Eierhäuschen"	NA	NA	NA	"34"	NA	"Breiter Weg"	NA	NA	NA	NA	"yes"	NA	NA	NA	NA	NA	"+49 1577 1790051"	NA	"http://xn--eierhuschen-p8a.com/"	NA	NA	NA	NA	NA	NA	NA	NA	"only"	NA	NA	NA	NA	NA	NA	NA	NA	NA	NA	NA	NA	NA	NA	"supermarket"	"http://xn--eierhuschen-p8a.com/"	NA	NA	NA	NA	list(c(9.3339869, 9.3340727, 9.3339919, 9.3339061, 9.3339869, 51.3423955, 51.3424132, 51.3425658, 51.342548, 51.3423955))
"255848321"	"Rewe"	"Guxhagen"	NA	NA	"55"	"34302"	"Dörnhagener Straße"	NA	"Rewe"	"Q16968817"	"en:REWE"	"yes"	NA	NA	NA	NA	NA	NA	NA	NA	NA	NA	NA	NA	NA	NA	"Mo-Sa 06:00-22:00"	NA	NA	NA	NA	NA	NA	NA	NA	NA	NA	NA	"+49 5665 407980"	NA	NA	NA	NA	"supermarket"	NA	NA	NA	"https://www.rewe.de/"	"yes"	list(c(9.4865228, 9.4860847, 9.4858978, 9.486336, 9.4865228, 51.2119301, 51.2120027, 51.2115604, 51.2114878, 51.2119301))
"258510538"	"Rewe"	NA	NA	NA	NA	NA	NA	NA	"Rewe"	"Q16968817"	"en:REWE"	"yes"	NA	NA	NA	NA	NA	NA	"+49 561 703440"	NA	NA	NA	NA	NA	NA	NA	"Mo-Fr 07:00-24:00; Sa 07:00-23:30"	"REWE Viehmann oHG"	NA	NA	NA	NA	NA	NA	NA	NA	NA	NA	NA	"2106"	NA	NA	NA	"supermarket"	NA	NA	NA	NA	"yes"	list(c(9.499741, 9.4995723, 9.4996605, 9.4996086, 9.4995568, 9.4994543, 9.4991143, 9.499472, 9.4995114, 9.4996799, 9.4999776, 9.499741, 51.3241098, 51.3243541, 51.324378, 51.3244505, 51.324523, 51.3244982, 51.3244084, 51.3238795, 51.3238899, 51.3236842, 51.3237687, 51.3241098))
"260801738"	"Elvan Supermarkt"	"Kassel"	"DE"	NA	"49"	NA	"Holländische Straße"	NA	NA	NA	NA	"yes"	NA	NA	NA	NA	NA	NA	NA	NA	NA	NA	NA	NA	NA	NA	NA	NA	NA	NA	NA	NA	NA	NA	NA	NA	NA	NA	NA	NA	NA	NA	NA	"supermarket"	NA	NA	NA	NA	NA	list(c(9.5003981, 9.5004447, 9.5001963, 9.5001497, 9.5003981, 51.3245254, 51.3242682, 51.3242507, 51.3245078, 51.3245254))
"263974095"	"Penny"	"Kassel"	NA	NA	"4"	"34134"	"Töpfenhofweg"	NA	"Penny"	"Q284688"	"en:Penny (supermarket)"	"yes"	NA	NA	NA	NA	NA	NA	NA	NA	NA	NA	NA	NA	NA	NA	"Mo-Sa 07:30-22:00"	NA	NA	NA	NA	NA	NA	NA	NA	NA	NA	NA	NA	NA	NA	NA	NA	"supermarket"	NA	NA	NA	NA	"yes"	list(c(9.4716819, 9.4714738, 9.4713648, 9.4712558, 9.4712796, 9.4709732, 9.4711576, 9.4716819, 51.2898864, 51.2896869, 51.2897314, 51.2897759, 51.2897987, 51.2899237, 51.2901004, 51.2898864))
"303255210"	"Edeka Markt Faulstich"	NA	NA	NA	"47"	NA	"Forstbachweg"	NA	NA	NA	NA	"retail"	NA	NA	NA	NA	NA	NA	NA	NA	NA	NA	NA	NA	NA	NA	"Mo-Sa 07:00-21:00"	NA	NA	NA	NA	NA	NA	NA	NA	NA	NA	NA	NA	NA	NA	NA	NA	"supermarket"	NA	NA	NA	NA	"yes"	list(c(9.5416316, 9.5416849, 9.5417916, 9.541559, 9.541739, 9.5421447, 9.5420931, 9.5421331, 9.541995, 9.5420299, 9.5418415, 9.5417215, 9.5415376, 9.5415628, 9.5416316, 51.2914942, 51.2915126, 51.2913921, 51.2913115, 51.2911083, 51.291241, 51.2913023, 51.291316, 51.291475, 51.2914855, 51.2917034, 51.291663, 51.2916011, 51.2915719, 51.2914942))
"340508221"	"EDEKA Neukauf Rainer Lock"	"Gudensberg"	NA	NA	"5a"	"34281"	"Kasseler Straße"	NA	"Edeka"	NA	NA	"yes"	NA	NA	NA	NA	NA	NA	"+49 5603 915901"	NA	NA	NA	NA	NA	"Steuernummer 0951 1566/001/004"	NA	"Mo-Sa 07:00-20:00; Su,PH off"	"Rainer Lock GmbH"	NA	NA	NA	NA	NA	NA	NA	NA	NA	NA	NA	NA	NA	NA	NA	"supermarket"	NA	NA	NA	NA	"limited"	list(c(9.3669698, 9.3670254, 9.3670457, 9.3671662, 9.36725, 9.3671476, 9.3673435, 9.367127, 9.3671683, 9.3669674, 9.3665999, 9.3666562, 9.3669698, 51.1790478, 51.1790335, 51.1790645, 51.1791124, 51.1791457, 51.179247, 51.1795778, 51.1796282, 51.1797087, 51.1797551, 51.179139, 51.1791256, 51.1790478))
"372688739"	"Nahkauf"	NA	NA	NA	NA	NA	NA	NA	NA	NA	NA	"yes"	NA	NA	NA	NA	NA	NA	NA	NA	NA	NA	NA	NA	NA	NA	NA	NA	NA	NA	NA	NA	NA	NA	NA	NA	NA	NA	NA	NA	NA	NA	NA	"supermarket"	NA	NA	NA	NA	"yes"	list(c(9.4720673, 9.4721661, 9.4729253, 9.4728649, 9.4727773, 9.472597, 9.472494, 9.4724568, 9.4720673, 51.3656344, 51.3660319, 51.3659801, 51.3657228, 51.3657315, 51.3657493, 51.3657595, 51.3655986, 51.3656344))
"373088759"	"Gärtnerei & Hofladen Frank Malkomeß"	"Kassel"	NA	NA	"112"	"34125"	"Spiekershäuser Straße"	NA	NA	NA	NA	"yes"	NA	NA	NA	NA	NA	NA	NA	NA	NA	NA	NA	NA	NA	NA	NA	NA	"only"	NA	NA	NA	NA	NA	NA	NA	NA	NA	NA	NA	NA	NA	NA	"supermarket"	NA	NA	NA	NA	NA	list(c(9.5490897, 9.549236, 9.5494377, 9.5492934, 9.5490897, 51.3316014, 51.3313901, 51.331447, 51.3316607, 51.3316014))
"533983989"	"24 Stunden Gemüsehütte"	NA	NA	NA	NA	NA	NA	NA	NA	NA	NA	"yes"	NA	NA	NA	NA	NA	NA	NA	NA	NA	NA	NA	NA	NA	NA	NA	NA	"only"	NA	NA	NA	NA	NA	NA	NA	NA	NA	NA	NA	NA	NA	NA	"supermarket"	NA	NA	NA	NA	NA	list(c(9.3342729, 9.3342445, 9.334151, 9.3341829, 9.3342729, 51.3422129, 51.3422662, 51.3422408, 51.3421914, 51.3422129))
"556011891"	"Frischmarkt Domrich"	"Habichtswald"	NA	NA	"5"	"34317"	"Kuhnen"	"Dörnberg"	NA	NA	NA	"commerical"	NA	NA	NA	NA	NA	NA	NA	NA	NA	NA	NA	NA	"Supermarkt war durch user Bentormrider angelegt;leider ist beim Entkleben von Gebäude und Parkplatz die history verlorengegangen."	NA	"Mo-Fr 07:00-19:00; Sa 07:00-14:00"	NA	NA	NA	NA	NA	NA	NA	NA	NA	NA	NA	"+49 5606 5631653"	NA	NA	NA	NA	"supermarket"	NA	NA	NA	"https://www.ihr-frischmarkt.de/standorte/"	NA	list(c(9.3405774, 9.3409428, 9.3408763, 9.3405109, 9.3405774, 51.3405696, 51.3406522, 51.3407671, 51.3406845, 51.3405696))
"570689694"	"Rewe"	"Kassel"	NA	NA	"82"	"34134"	"Leuschnerstraße"	NA	"Rewe"	"Q16968817"	"en:REWE"	"retail"	NA	NA	NA	NA	NA	NA	NA	NA	NA	NA	NA	NA	NA	NA	"Mo-Sa 06:30-22:00; PH off"	NA	NA	NA	NA	NA	NA	NA	NA	NA	NA	NA	"+49 561 400730"	NA	NA	NA	NA	"supermarket"	NA	NA	NA	"https://www.rewe.de/"	NA	list(c(9.4547394, 9.4548038, 9.4554846, 9.4554201, 9.4547394, 51.2925789, 51.2923209, 51.2923874, 51.2926454, 51.2925789))
"699882357"	NA	NA	NA	NA	NA	NA	NA	NA	NA	NA	NA	NA	"yellow"	NA	"1"	"yes"	NA	NA	NA	NA	NA	NA	"3.5"	NA	NA	NA	NA	NA	NA	NA	NA	NA	NA	NA	NA	NA	NA	NA	NA	NA	"lightgrey"	NA	NA	NA	NA	NA	NA	NA	NA	list(c(9.4795188, 9.4795862, 9.4796567, 9.4796516, 9.4797005, 9.4793954, 9.4793383, 9.4795873, 9.4795188, 51.3407519, 51.3407812, 51.34072, 51.3407071, 51.3406643, 51.3405288, 51.340582, 51.3406907, 51.3407519))
"699882358"	NA	NA	NA	NA	NA	NA	NA	NA	NA	NA	NA	"yes"	NA	NA	NA	NA	NA	NA	NA	NA	NA	NA	NA	NA	NA	NA	NA	NA	NA	NA	NA	NA	NA	NA	NA	NA	NA	NA	NA	NA	NA	NA	NA	NA	NA	NA	NA	NA	NA	list(c(9.4788288, 9.4793346, 9.4795188, 9.4795862, 9.4796567, 9.4796516, 9.4797005, 9.4793954, 9.4793383, 9.4790815, 9.4788288, 51.3406957, 51.3409166, 51.3407519, 51.3407812, 51.34072, 51.3407071, 51.3406643, 51.3405288, 51.340582, 51.3404698, 51.3406957))
"771244760"	"Edeka neukauf Aschoffs"	"Kassel"	NA	NA	"114-120"	"34121"	"Frankfurter Straße"	NA	NA	NA	NA	NA	NA	NA	NA	NA	NA	NA	NA	NA	NA	NA	NA	NA	NA	NA	"Mo-Sa 07:00-24:00"	NA	NA	NA	NA	NA	NA	NA	NA	NA	NA	NA	"+49 561 2861561"	NA	NA	NA	NA	"supermarket"	NA	NA	"yes"	"https://www.edeka.de/eh/hessenring/edeka-aschoff-frankfurterstr.-114-120/"	"yes"	list(c(9.4814169, 9.4815656, 9.481955, 9.4819211, 9.4817136, 9.4817748, 9.4818363, 9.481788, 9.4812583, 9.4811717, 9.4814169, 51.3017844, 51.3018326, 51.3017539, 51.3016885, 51.3012868, 51.3012227, 51.3011585, 51.3010508, 51.3011605, 51.3013317, 51.3017844))
